incident_id,date_time,channel,content,source,threat_label,risk_level,recommended_action
TRN001,2026-09-29 09:07,Email,Your account will be suspended today. Verify your details immediately using the link below.,Unknown sender,Phishing,High,Do not click the link. Verify through the organisation's official channel.
TRN002,2026-09-30 10:14,Email,Your mailbox storage is full. Sign in now to prevent your account from being disabled.,Unknown sender,Phishing,High,Do not use the embedded link. Access the service through its official website.
TRN003,2026-09-28 11:21,SMS,Congratulations! You have won US$500. Send your mobile money details to receive your prize.,Unknown number,Financial Scam,High,Do not provide financial information. Verify the promotion independently.
TRN004,2026-09-29 12:28,SMS,Your payment has failed. Send your PIN so that our agent can reverse the transaction.,Unknown number,Financial Scam,High,Never share a PIN. Contact the service provider through an official channel.
TRN005,2026-09-30 13:35,SMS,"Please send your national ID number, password and OTP to complete your account verification.",Unknown number,Identity Fraud,High,Do not share credentials or identity information. Verify the request independently.
TRN006,2026-09-28 14:42,Email,We need your account details urgently to update your profile. Reply with your password.,Unknown sender,Identity Fraud,Medium,Do not reply with credentials. Contact the organisation using an official contact.
TRN007,2026-09-29 15:49,Voice message,This voice message from your manager asks you to urgently transfer money to a new account.,Unknown sender,AI-Enabled Threat,High,Verify the request using an independent communication channel.
TRN008,2026-09-30 16:56,Video,A video appears to show a public official announcing an urgent payment programme and requesting personal details.,Unknown source,AI-Enabled Threat,High,Verify the announcement using an official government source before acting.
TRN009,2026-09-28 17:03,Web/SMS,Click http://example.invalid/security-check to restore your account immediately.,Unknown sender,Malicious Link,High,Do not open the link. Use the official service website.
TRN010,2026-09-29 08:10,Email,Download the attached document to receive your outstanding payment statement.,Unknown sender,Malicious Link,Medium,Verify the sender and attachment before opening it.
TRN011,2026-09-30 09:17,SMS,Your appointment at the clinic is confirmed for Tuesday at 10:00. Please bring your identification.,Known service,Benign,Low,No action required beyond normal appointment attendance.
TRN012,2026-09-28 10:24,Email,Your university timetable has been published. Please log in through the usual student portal.,Known institution,Benign,Low,Use the normal portal address and follow standard login procedures.
TRN013,2026-09-29 11:31,Email,Your account will be suspended today. Verify your details immediately using the link below.,Unknown sender,Phishing,High,Do not click the link. Verify through the organisation's official channel.
TRN014,2026-09-30 12:38,Email,Your mailbox storage is full. Sign in now to prevent your account from being disabled.,Unknown sender,Phishing,High,Do not use the embedded link. Access the service through its official website.
TRN015,2026-09-28 13:45,SMS,Congratulations! You have won US$500. Send your mobile money details to receive your prize.,Unknown number,Financial Scam,High,Do not provide financial information. Verify the promotion independently.
TRN016,2026-09-29 14:52,SMS,Your payment has failed. Send your PIN so that our agent can reverse the transaction.,Unknown number,Financial Scam,High,Never share a PIN. Contact the service provider through an official channel.
TRN017,2026-09-30 15:59,SMS,"Please send your national ID number, password and OTP to complete your account verification.",Unknown number,Identity Fraud,High,Do not share credentials or identity information. Verify the request independently.
TRN018,2026-09-28 16:06,Email,We need your account details urgently to update your profile. Reply with your password.,Unknown sender,Identity Fraud,Medium,Do not reply with credentials. Contact the organisation using an official contact.
TRN019,2026-09-29 17:13,Voice message,This voice message from your manager asks you to urgently transfer money to a new account.,Unknown sender,AI-Enabled Threat,High,Verify the request using an independent communication channel.
TRN020,2026-09-30 08:20,Video,A video appears to show a public official announcing an urgent payment programme and requesting personal details.,Unknown source,AI-Enabled Threat,High,Verify the announcement using an official government source before acting.
TRN021,2026-09-28 09:27,Web/SMS,Click http://example.invalid/security-check to restore your account immediately.,Unknown sender,Malicious Link,High,Do not open the link. Use the official service website.
TRN022,2026-09-29 10:34,Email,Download the attached document to receive your outstanding payment statement.,Unknown sender,Malicious Link,Medium,Verify the sender and attachment before opening it.
TRN023,2026-09-30 11:41,SMS,Your appointment at the clinic is confirmed for Tuesday at 10:00. Please bring your identification.,Known service,Benign,Low,No action required beyond normal appointment attendance.
TRN024,2026-09-28 12:48,Email,Your university timetable has been published. Please log in through the usual student portal.,Known institution,Benign,Low,Use the normal portal address and follow standard login procedures.
TRN025,2026-09-29 13:55,Email,Your account will be suspended today. Verify your details immediately using the link below.,Unknown sender,Phishing,High,Do not click the link. Verify through the organisation's official channel.
TRN026,2026-09-30 14:02,Email,Your mailbox storage is full. Sign in now to prevent your account from being disabled.,Unknown sender,Phishing,High,Do not use the embedded link. Access the service through its official website.
TRN027,2026-09-28 15:09,SMS,Congratulations! You have won US$500. Send your mobile money details to receive your prize.,Unknown number,Financial Scam,High,Do not provide financial information. Verify the promotion independently.
TRN028,2026-09-29 16:16,SMS,Your payment has failed. Send your PIN so that our agent can reverse the transaction.,Unknown number,Financial Scam,High,Never share a PIN. Contact the service provider through an official channel.
TRN029,2026-09-30 17:23,SMS,"Please send your national ID number, password and OTP to complete your account verification.",Unknown number,Identity Fraud,High,Do not share credentials or identity information. Verify the request independently.
TRN030,2026-09-28 08:30,Email,We need your account details urgently to update your profile. Reply with your password.,Unknown sender,Identity Fraud,Medium,Do not reply with credentials. Contact the organisation using an official contact.
TRN031,2026-09-29 09:37,Voice message,This voice message from your manager asks you to urgently transfer money to a new account.,Unknown sender,AI-Enabled Threat,High,Verify the request using an independent communication channel.
TRN032,2026-09-30 10:44,Video,A video appears to show a public official announcing an urgent payment programme and requesting personal details.,Unknown source,AI-Enabled Threat,High,Verify the announcement using an official government source before acting.
TRN033,2026-09-28 11:51,Web/SMS,Click http://example.invalid/security-check to restore your account immediately.,Unknown sender,Malicious Link,High,Do not open the link. Use the official service website.
TRN034,2026-09-29 12:58,Email,Download the attached document to receive your outstanding payment statement.,Unknown sender,Malicious Link,Medium,Verify the sender and attachment before opening it.
TRN035,2026-09-30 13:05,SMS,Your appointment at the clinic is confirmed for Tuesday at 10:00. Please bring your identification.,Known service,Benign,Low,No action required beyond normal appointment attendance.
TRN036,2026-09-28 14:12,Email,Your university timetable has been published. Please log in through the usual student portal.,Known institution,Benign,Low,Use the normal portal address and follow standard login procedures.
TRN037,2026-09-29 15:19,Email,Your account will be suspended today. Verify your details immediately using the link below.,Unknown sender,Phishing,High,Do not click the link. Verify through the organisation's official channel.
TRN038,2026-09-30 16:26,Email,Your mailbox storage is full. Sign in now to prevent your account from being disabled.,Unknown sender,Phishing,High,Do not use the embedded link. Access the service through its official website.
TRN039,2026-09-28 17:33,SMS,Congratulations! You have won US$500. Send your mobile money details to receive your prize.,Unknown number,Financial Scam,High,Do not provide financial information. Verify the promotion independently.
TRN040,2026-09-29 08:40,SMS,Your payment has failed. Send your PIN so that our agent can reverse the transaction.,Unknown number,Financial Scam,High,Never share a PIN. Contact the service provider through an official channel.
TRN041,2026-09-30 09:47,SMS,"Please send your national ID number, password and OTP to complete your account verification.",Unknown number,Identity Fraud,High,Do not share credentials or identity information. Verify the request independently.
TRN042,2026-09-28 10:54,Email,We need your account details urgently to update your profile. Reply with your password.,Unknown sender,Identity Fraud,Medium,Do not reply with credentials. Contact the organisation using an official contact.
TRN043,2026-09-29 11:01,Voice message,This voice message from your manager asks you to urgently transfer money to a new account.,Unknown sender,AI-Enabled Threat,High,Verify the request using an independent communication channel.
TRN044,2026-09-30 12:08,Video,A video appears to show a public official announcing an urgent payment programme and requesting personal details.,Unknown source,AI-Enabled Threat,High,Verify the announcement using an official government source before acting.
TRN045,2026-09-28 13:15,Web/SMS,Click http://example.invalid/security-check to restore your account immediately.,Unknown sender,Malicious Link,High,Do not open the link. Use the official service website.
TRN046,2026-09-29 14:22,Email,Download the attached document to receive your outstanding payment statement.,Unknown sender,Malicious Link,Medium,Verify the sender and attachment before opening it.
TRN047,2026-09-30 15:29,SMS,Your appointment at the clinic is confirmed for Tuesday at 10:00. Please bring your identification.,Known service,Benign,Low,No action required beyond normal appointment attendance.
TRN048,2026-09-28 16:36,Email,Your university timetable has been published. Please log in through the usual student portal.,Known institution,Benign,Low,Use the normal portal address and follow standard login procedures.
TRN049,2026-09-29 17:43,Email,Your account will be suspended today. Verify your details immediately using the link below.,Unknown sender,Phishing,High,Do not click the link. Verify through the organisation's official channel.
TRN050,2026-09-30 08:50,Email,Your mailbox storage is full. Sign in now to prevent your account from being disabled.,Unknown sender,Phishing,High,Do not use the embedded link. Access the service through its official website.
TRN051,2026-09-28 09:57,SMS,Congratulations! You have won US$500. Send your mobile money details to receive your prize.,Unknown number,Financial Scam,High,Do not provide financial information. Verify the promotion independently.
TRN052,2026-09-29 10:04,SMS,Your payment has failed. Send your PIN so that our agent can reverse the transaction.,Unknown number,Financial Scam,High,Never share a PIN. Contact the service provider through an official channel.
TRN053,2026-09-30 11:11,SMS,"Please send your national ID number, password and OTP to complete your account verification.",Unknown number,Identity Fraud,High,Do not share credentials or identity information. Verify the request independently.
TRN054,2026-09-28 12:18,Email,We need your account details urgently to update your profile. Reply with your password.,Unknown sender,Identity Fraud,Medium,Do not reply with credentials. Contact the organisation using an official contact.
TRN055,2026-09-29 13:25,Voice message,This voice message from your manager asks you to urgently transfer money to a new account.,Unknown sender,AI-Enabled Threat,High,Verify the request using an independent communication channel.
TRN056,2026-09-30 14:32,Video,A video appears to show a public official announcing an urgent payment programme and requesting personal details.,Unknown source,AI-Enabled Threat,High,Verify the announcement using an official government source before acting.
TRN057,2026-09-28 15:39,Web/SMS,Click http://example.invalid/security-check to restore your account immediately.,Unknown sender,Malicious Link,High,Do not open the link. Use the official service website.
TRN058,2026-09-29 16:46,Email,Download the attached document to receive your outstanding payment statement.,Unknown sender,Malicious Link,Medium,Verify the sender and attachment before opening it.
TRN059,2026-09-30 17:53,SMS,Your appointment at the clinic is confirmed for Tuesday at 10:00. Please bring your identification.,Known service,Benign,Low,No action required beyond normal appointment attendance.
TRN060,2026-09-28 08:00,Email,Your university timetable has been published. Please log in through the usual student portal.,Known institution,Benign,Low,Use the normal portal address and follow standard login procedures.
TRN061,2026-09-29 09:07,Email,Your account will be suspended today. Verify your details immediately using the link below.,Unknown sender,Phishing,High,Do not click the link. Verify through the organisation's official channel.
TRN062,2026-09-30 10:14,Email,Your mailbox storage is full. Sign in now to prevent your account from being disabled.,Unknown sender,Phishing,High,Do not use the embedded link. Access the service through its official website.
TRN063,2026-09-28 11:21,SMS,Congratulations! You have won US$500. Send your mobile money details to receive your prize.,Unknown number,Financial Scam,High,Do not provide financial information. Verify the promotion independently.
TRN064,2026-09-29 12:28,SMS,Your payment has failed. Send your PIN so that our agent can reverse the transaction.,Unknown number,Financial Scam,High,Never share a PIN. Contact the service provider through an official channel.
TRN065,2026-09-30 13:35,SMS,"Please send your national ID number, password and OTP to complete your account verification.",Unknown number,Identity Fraud,High,Do not share credentials or identity information. Verify the request independently.
TRN066,2026-09-28 14:42,Email,We need your account details urgently to update your profile. Reply with your password.,Unknown sender,Identity Fraud,Medium,Do not reply with credentials. Contact the organisation using an official contact.
TRN067,2026-09-29 15:49,Voice message,This voice message from your manager asks you to urgently transfer money to a new account.,Unknown sender,AI-Enabled Threat,High,Verify the request using an independent communication channel.
TRN068,2026-09-30 16:56,Video,A video appears to show a public official announcing an urgent payment programme and requesting personal details.,Unknown source,AI-Enabled Threat,High,Verify the announcement using an official government source before acting.
TRN069,2026-09-28 17:03,Web/SMS,Click http://example.invalid/security-check to restore your account immediately.,Unknown sender,Malicious Link,High,Do not open the link. Use the official service website.
TRN070,2026-09-29 08:10,Email,Download the attached document to receive your outstanding payment statement.,Unknown sender,Malicious Link,Medium,Verify the sender and attachment before opening it.
TRN071,2026-09-30 09:17,SMS,Your appointment at the clinic is confirmed for Tuesday at 10:00. Please bring your identification.,Known service,Benign,Low,No action required beyond normal appointment attendance.
TRN072,2026-09-28 10:24,Email,Your university timetable has been published. Please log in through the usual student portal.,Known institution,Benign,Low,Use the normal portal address and follow standard login procedures.
TRN073,2026-09-29 11:31,Email,Your account will be suspended today. Verify your details immediately using the link below.,Unknown sender,Phishing,High,Do not click the link. Verify through the organisation's official channel.
TRN074,2026-09-30 12:38,Email,Your mailbox storage is full. Sign in now to prevent your account from being disabled.,Unknown sender,Phishing,High,Do not use the embedded link. Access the service through its official website.
TRN075,2026-09-28 13:45,SMS,Congratulations! You have won US$500. Send your mobile money details to receive your prize.,Unknown number,Financial Scam,High,Do not provide financial information. Verify the promotion independently.
TRN076,2026-09-29 14:52,SMS,Your payment has failed. Send your PIN so that our agent can reverse the transaction.,Unknown number,Financial Scam,High,Never share a PIN. Contact the service provider through an official channel.
TRN077,2026-09-30 15:59,SMS,"Please send your national ID number, password and OTP to complete your account verification.",Unknown number,Identity Fraud,High,Do not share credentials or identity information. Verify the request independently.
TRN078,2026-09-28 16:06,Email,We need your account details urgently to update your profile. Reply with your password.,Unknown sender,Identity Fraud,Medium,Do not reply with credentials. Contact the organisation using an official contact.
TRN079,2026-09-29 17:13,Voice message,This voice message from your manager asks you to urgently transfer money to a new account.,Unknown sender,AI-Enabled Threat,High,Verify the request using an independent communication channel.
TRN080,2026-09-30 08:20,Video,A video appears to show a public official announcing an urgent payment programme and requesting personal details.,Unknown source,AI-Enabled Threat,High,Verify the announcement using an official government source before acting.
TRN081,2026-09-28 09:27,Web/SMS,Click http://example.invalid/security-check to restore your account immediately.,Unknown sender,Malicious Link,High,Do not open the link. Use the official service website.
TRN082,2026-09-29 10:34,Email,Download the attached document to receive your outstanding payment statement.,Unknown sender,Malicious Link,Medium,Verify the sender and attachment before opening it.
TRN083,2026-09-30 11:41,SMS,Your appointment at the clinic is confirmed for Tuesday at 10:00. Please bring your identification.,Known service,Benign,Low,No action required beyond normal appointment attendance.
TRN084,2026-09-28 12:48,Email,Your university timetable has been published. Please log in through the usual student portal.,Known institution,Benign,Low,Use the normal portal address and follow standard login procedures.
TRN085,2026-09-29 13:55,Email,Your account will be suspended today. Verify your details immediately using the link below.,Unknown sender,Phishing,High,Do not click the link. Verify through the organisation's official channel.
TRN086,2026-09-30 14:02,Email,Your mailbox storage is full. Sign in now to prevent your account from being disabled.,Unknown sender,Phishing,High,Do not use the embedded link. Access the service through its official website.
TRN087,2026-09-28 15:09,SMS,Congratulations! You have won US$500. Send your mobile money details to receive your prize.,Unknown number,Financial Scam,High,Do not provide financial information. Verify the promotion independently.
TRN088,2026-09-29 16:16,SMS,Your payment has failed. Send your PIN so that our agent can reverse the transaction.,Unknown number,Financial Scam,High,Never share a PIN. Contact the service provider through an official channel.
TRN089,2026-09-30 17:23,SMS,"Please send your national ID number, password and OTP to complete your account verification.",Unknown number,Identity Fraud,High,Do not share credentials or identity information. Verify the request independently.
TRN090,2026-09-28 08:30,Email,We need your account details urgently to update your profile. Reply with your password.,Unknown sender,Identity Fraud,Medium,Do not reply with credentials. Contact the organisation using an official contact.
TRN091,2026-09-29 09:37,Voice message,This voice message from your manager asks you to urgently transfer money to a new account.,Unknown sender,AI-Enabled Threat,High,Verify the request using an independent communication channel.
TRN092,2026-09-30 10:44,Video,A video appears to show a public official announcing an urgent payment programme and requesting personal details.,Unknown source,AI-Enabled Threat,High,Verify the announcement using an official government source before acting.
TRN093,2026-09-28 11:51,Web/SMS,Click http://example.invalid/security-check to restore your account immediately.,Unknown sender,Malicious Link,High,Do not open the link. Use the official service website.
TRN094,2026-09-29 12:58,Email,Download the attached document to receive your outstanding payment statement.,Unknown sender,Malicious Link,Medium,Verify the sender and attachment before opening it.
TRN095,2026-09-30 13:05,SMS,Your appointment at the clinic is confirmed for Tuesday at 10:00. Please bring your identification.,Known service,Benign,Low,No action required beyond normal appointment attendance.
TRN096,2026-09-28 14:12,Email,Your university timetable has been published. Please log in through the usual student portal.,Known institution,Benign,Low,Use the normal portal address and follow standard login procedures.
TRN097,2026-09-29 15:19,Email,Your account will be suspended today. Verify your details immediately using the link below.,Unknown sender,Phishing,High,Do not click the link. Verify through the organisation's official channel.
TRN098,2026-09-30 16:26,Email,Your mailbox storage is full. Sign in now to prevent your account from being disabled.,Unknown sender,Phishing,High,Do not use the embedded link. Access the service through its official website.
TRN099,2026-09-28 17:33,SMS,Congratulations! You have won US$500. Send your mobile money details to receive your prize.,Unknown number,Financial Scam,High,Do not provide financial information. Verify the promotion independently.
TRN100,2026-09-29 08:40,SMS,Your payment has failed. Send your PIN so that our agent can reverse the transaction.,Unknown number,Financial Scam,High,Never share a PIN. Contact the service provider through an official channel.
